Phone Number,Label
9596436219,Ham
6822678325,Ham
8613495047,Ham
6748293317,Ham
280139448,Spam
291891146,Spam
8007344389,Spam
8657209935,Ham
376750852,Spam
6285158650,Ham
1234567890,Spam
8045006081,Ham
9746255579,Ham
9806953395,Ham
7715469892,Ham
1234567890,Spam
9716745476,Ham
9255445148,Ham
376812868,Spam
7246675680,Ham
1234567890,Spam
8934307739,Ham
9342417534,Ham
6687436434,Ham
480666886,Spam
1234567890,Spam
1234567890,Spam
435597165,Spam
844178611,Spam
478651561,Spam
1234567890,Spam
8002094033,Spam
6131164572,Ham
7263506396,Ham
6345917538,Ham
6996214404,Ham
6085477355,Ham
9678262843,Ham
6041246905,Ham
1234567890,Spam
8716003943,Ham
9524988631,Ham
326951492,Spam
426394585,Spam
1234567890,Spam
732762930,Spam
1234567890,Spam
6601221553,Ham
9769795037,Ham
8297119540,Ham
8004608460,Spam
354613187,Spam
1234567890,Spam
9798836019,Ham
8954063539,Ham
1234567890,Spam
9939036538,Ham
8363053926,Ham
8291839335,Ham
8186757379,Ham
8008300715,Spam
9542933093,Ham
7867232971,Ham
1234567890,Spam
7562044974,Ham
6632089267,Ham
8001341085,Spam
1234567890,Spam
7024914945,Ham
6249906841,Ham
975380293,Spam
8005296136,Spam
367566241,Spam
7955805271,Ham
1234567890,Spam
1234567890,Spam
8009539546,Spam
7581378304,Ham
7532575846,Ham
8002062658,Spam
443896443,Spam
8339379193,Ham
7781787957,Ham
9045715145,Ham
7428615877,Ham
1234567890,Spam
6094976056,Ham
886845271,Spam
1234567890,Spam
8005560196,Spam
6416394065,Ham
7152838331,Ham
6042398633,Ham
9226004996,Ham
6301331542,Ham
9865051138,Ham
6523127937,Ham
9777296448,Ham
7119532462,Ham
8031704881,Ham
6687032826,Ham
6392431892,Ham
6468823281,Ham
1234567890,Spam
6704336615,Ham
1234567890,Spam
8007860740,Spam
1234567890,Spam
8871314478,Ham
300267665,Spam
7839062274,Ham
7933652406,Ham
6963951420,Ham
6371277441,Ham
6069054877,Ham
9309824880,Ham
659876354,Spam
1234567890,Spam
7854024129,Ham
8316985609,Ham
1234567890,Spam
7287428901,Ham
9415569032,Ham
1234567890,Spam
8692408865,Ham
8007892980,Spam
1234567890,Spam
1234567890,Spam
1234567890,Spam
8006376964,Spam
1234567890,Spam
9255983211,Ham
9288625295,Ham
8527235278,Ham
6444385392,Ham
9813726827,Ham
555343743,Spam
8006414883,Spam
7919298299,Ham
8462074285,Ham
8242525527,Ham
7876573290,Ham
8001924194,Spam
9327308612,Ham
1234567890,Spam
659907192,Spam
7616212622,Ham
1234567890,Spam
8003799112,Spam
7442729003,Ham
7839054722,Ham
6586291100,Ham
538750797,Spam
1234567890,Spam
9689247393,Ham
401976780,Spam
8167714226,Ham
6749159405,Ham
7657485502,Ham
960965386,Spam
7063019190,Ham
9455948556,Ham
959306959,Spam
9457497308,Ham
1234567890,Spam
1234567890,Spam
8002253987,Spam
1234567890,Spam
8002256860,Spam
539437913,Spam
9226766603,Ham
8003886370,Spam
401855228,Spam
371987463,Spam
8009715937,Spam
8009993428,Ham
8008617171,Spam
1234567890,Spam
1234567890,Spam
9956279464,Ham
1234567890,Spam
8006172571,Spam
1234567890,Spam
9503226892,Ham
7521503173,Ham
8122714607,Ham
9577623802,Ham
7297306202,Ham
9715245973,Ham
556938424,Spam
8001625820,Spam
8511709723,Ham
8114061863,Ham
401806185,Spam
1234567890,Spam
1234567890,Spam
1234567890,Spam
167155265,Spam
9541474955,Ham
7541711970,Ham
8009148275,Spam
6989584603,Ham
8492657833,Ham
1234567890,Spam
6776209820,Ham
7977219685,Ham
851943896,Spam
758597078,Spam
8088624895,Ham
1234567890,Spam
674963887,Spam
6633424082,Ham
9871965797,Ham
7426812152,Ham
1234567890,Spam
8007248465,Spam
8004461493,Spam
8006190780,Spam
6674677974,Ham
6401542994,Ham
1234567890,Spam
6853945328,Ham
9827897058,Ham
6647709264,Ham
7616905053,Ham
735299113,Spam
1234567890,Spam
8535859930,Ham
6618784741,Ham
731268933,Spam
9212336431,Ham
6951574386,Ham
8009449428,Spam
1234567890,Spam
6523826661,Ham
6965307262,Ham
7595816640,Ham
6937357397,Ham
1234567890,Spam
6357983572,Ham
8382347720,Ham
6214263533,Ham
7043808229,Ham
1234567890,Spam
436349558,Spam
9909848440,Ham
7606434282,Ham
9525985844,Ham
7147872985,Ham
7221781102,Ham
1234567890,Spam
6335606077,Ham
6371363164,Ham
8552298615,Ham
6035001557,Ham
913812160,Spam
9221614546,Ham
334792295,Spam
1234567890,Spam
265959322,Spam
7596812906,Ham
9002479822,Ham
8451593965,Ham
6191285681,Ham
1234567890,Spam
8009578667,Spam
6662432250,Ham
176186227,Spam
6382534296,Ham
1234567890,Spam
9896872680,Ham
1234567890,Spam
523739398,Spam
9629269532,Ham
8008140204,Spam
8006739135,Spam
473925539,Spam
7195375905,Ham
8851337780,Ham
1234567890,Spam
8156726917,Ham
8959059170,Ham
1234567890,Spam
1234567890,Spam
8001435184,Ham
1234567890,Spam
8443369134,Ham
583983668,Spam
9976269120,Ham
1234567890,Spam
484613588,Spam
1234567890,Spam
8004881553,Spam
8673006116,Ham
1234567890,Spam
448172715,Spam
784559655,Spam
8049362888,Ham
886606464,Spam
1234567890,Spam
1234567890,Spam
442240175,Spam
603206594,Spam
8001562217,Spam
7219177004,Ham
8006656185,Spam
6781845403,Ham
8008293352,Spam
7509298091,Ham
8006284841,Spam
175599720,Spam
1234567890,Spam
1234567890,Spam
1234567890,Spam
288317868,Spam
936561593,Spam
6594862355,Ham
734622047,Spam
917508341,Spam
1234567890,Spam
1234567890,Spam
8985744416,Ham
9835516889,Ham
7806341720,Ham
8001719972,Spam
8049524397,Ham
972286576,Spam
6534765310,Ham
8005929437,Spam
7608743776,Ham
920188527,Spam
8002802472,Spam
7433986789,Ham
8045952848,Ham
8032057323,Ham
8444228004,Ham
1234567890,Spam
203531723,Spam
8008896498,Spam
1234567890,Spam
839405494,Spam
7796675897,Ham
8003483944,Spam
7558292824,Ham
6781929496,Ham
7919571624,Ham
8637169269,Ham
9892536324,Ham
6737825594,Ham
8003494639,Spam
8007071022,Spam
9624462276,Ham
352806934,Spam
9544372461,Ham
9573339449,Ham
7762605061,Ham
8006805786,Spam
8193579196,Ham
6347566109,Ham
346232385,Spam
8006962652,Spam
8548393777,Ham
8143577047,Ham
8003971561,Spam
6817873233,Ham
8375333129,Ham
8001419570,Spam
1234567890,Spam
134704393,Spam
8009180578,Spam
7965692827,Ham
808993315,Spam
895504776,Spam
1234567890,Spam
7157869037,Ham
9041352111,Ham
649309248,Spam
1234567890,Spam
6512807825,Ham
8009730657,Spam
807453881,Spam
8803858875,Ham
8005017648,Spam
7394013924,Ham
8025124764,Ham
684319795,Spam
8003430096,Spam
9735418210,Ham
9035427633,Ham
6045308190,Ham
536426661,Spam
761481572,Spam
8001133735,Spam
1234567890,Spam
6535638975,Ham
7966212617,Ham
1234567890,Spam
247909285,Spam
1234567890,Spam
8204697795,Ham
616982782,Spam
7592659135,Ham
1234567890,Spam
9338249432,Ham
8359064413,Ham
8173643882,Ham
7869484674,Ham
9147246701,Ham
8008823538,Spam
1234567890,Spam
1234567890,Spam
246933447,Spam
9643128188,Ham
6611851824,Ham
9539755506,Ham
149223812,Spam
8885931222,Ham
1234567890,Spam
7403042051,Ham
6796393849,Ham
6963611030,Ham
7123685114,Ham
8902079229,Ham
8372383167,Ham
9285899887,Ham
1234567890,Spam
8005284481,Spam
9559614499,Ham
6203498858,Ham
8448654891,Ham
1234567890,Spam
1234567890,Spam
6823009773,Ham
8006948682,Spam
7935049071,Ham
1234567890,Spam
6705901472,Ham
8257427051,Ham
6309558783,Ham
6991735171,Ham
590462496,Spam
1234567890,Spam
1234567890,Spam
8008661083,Spam
504610359,Spam
7609085868,Ham
7764238483,Ham
9016114067,Ham
499608934,Spam
1234567890,Spam
7684846324,Ham
9735376052,Ham
1234567890,Spam
322942212,Spam
6359036612,Ham
1234567890,Spam
199798868,Spam
138129975,Spam
7358004058,Ham
8006067596,Spam
259203654,Spam
8008293539,Spam
8196377673,Ham
9903649915,Ham
1234567890,Spam
9977865647,Ham
938319634,Spam
6672802511,Ham
8009071020,Spam
499309370,Spam
9773541122,Ham
7841865250,Ham
321437782,Spam
6396983909,Ham
9752861395,Ham
404979745,Spam
8596709988,Ham
8005739004,Spam
8428897907,Ham
137950030,Spam
380246018,Spam
8007018818,Spam
838753164,Spam
8583835991,Ham
8001606720,Spam
319764187,Spam
6548501487,Ham
8006651318,Spam
7568779696,Ham
9192713977,Ham
8002743570,Spam
127873196,Spam
1234567890,Spam
608470240,Spam
243551041,Spam
8009869278,Spam
514861452,Spam
8001636773,Spam
529369434,Spam
8006512235,Spam
7618448893,Ham
8414291787,Ham
866780739,Spam
9156294080,Ham
189786388,Spam
8002630801,Spam
1234567890,Spam
6709459280,Ham
398672580,Spam
8473792374,Ham
6126975954,Ham
146651916,Spam
410223321,Spam
7686496455,Ham
1234567890,Spam
8001717182,Spam
1234567890,Spam
8004021769,Spam
8487589485,Ham
817507434,Spam
1234567890,Spam
9363368448,Ham
9837092435,Ham
7093569504,Ham
1234567890,Spam
1234567890,Spam
9324001669,Ham
937961185,Spam
9333307751,Ham
1234567890,Spam
8004563984,Spam
658259359,Spam
1234567890,Spam
568603921,Spam
6819317402,Ham
1234567890,Spam
7338591414,Ham
7005741867,Ham
524263622,Spam
1234567890,Spam
7386369792,Ham
1234567890,Spam
1234567890,Spam
7494991318,Ham
1234567890,Spam
9271843649,Ham
1234567890,Spam
6059023602,Ham
8288758125,Ham
8006358701,Spam
8007135061,Spam
6516215482,Ham
1234567890,Spam
8004829577,Spam
1234567890,Spam
570852599,Spam
1234567890,Spam
181261127,Spam
1234567890,Spam
1234567890,Spam
8007516109,Spam
700653071,Spam
8002937858,Spam
8686912926,Ham
1234567890,Spam
946331851,Spam
8838109620,Ham
8004491904,Spam
199666587,Spam
9568312249,Ham
6074061628,Ham
7686524781,Ham
8443615870,Ham
1234567890,Spam
1234567890,Spam
513137243,Spam
8495899154,Ham
1234567890,Spam
962361883,Spam
6651579905,Ham
598494781,Spam
1234567890,Spam
7427129863,Ham
1234567890,Spam
9658303002,Ham
6926836317,Ham
8003108940,Spam
7674034096,Ham
8964784031,Ham
1234567890,Spam
782332648,Spam
8832699030,Ham
6054003470,Ham
1234567890,Spam
6329629650,Ham
7112198020,Ham
1234567890,Spam
8002955426,Spam
8258851060,Ham
1234567890,Spam
8006767547,Spam
9918126499,Ham
8003183436,Spam
6431054450,Ham
8008843609,Spam
1234567890,Spam
6107535444,Ham
1234567890,Spam
273701462,Spam
867851872,Spam
1234567890,Spam
8251445740,Ham
338530510,Spam
699506326,Spam
8008578062,Spam
8004360396,Spam
8387506832,Ham
9396796174,Ham
1234567890,Spam
7316455645,Ham
9288438366,Ham
456174877,Spam
1234567890,Spam
8876499992,Ham
7854552039,Ham
6385033517,Ham
8003448473,Spam
8551159935,Ham
1234567890,Spam
9686646158,Ham
7629679745,Ham
8111715744,Ham
6369828403,Ham
8788443061,Ham
7359945347,Ham
8007513915,Spam
1234567890,Spam
8005159642,Spam
319804684,Spam
7286882743,Ham
8009952145,Spam
8956248023,Ham
7847002005,Ham
824750187,Spam
8008307508,Spam
6033828163,Ham
7575292679,Ham
8005442605,Spam
8007474068,Spam
9636124983,Ham
7319026836,Ham
1234567890,Spam
9393349781,Ham
8003001996,Spam
746653631,Spam
1234567890,Spam
340113517,Spam
9431403564,Ham
9232713033,Ham
6386989968,Ham
8003220020,Spam
944397539,Spam
927144419,Spam
9023193645,Ham
8001468916,Spam
7152462370,Ham
8003706432,Spam
6376709126,Ham
8007707851,Spam
1234567890,Spam
8385011101,Ham
196534942,Spam
6264074685,Ham
9016828831,Ham
796127354,Spam
8081417915,Ham
7116439324,Ham
8003544977,Spam
8006160353,Spam
8002609698,Spam
9161699596,Ham
9518509379,Ham
8507023289,Ham
8801968502,Ham
7706019820,Ham
1234567890,Spam
722719049,Spam
9993283725,Ham
9757547569,Ham
6465582080,Ham
6849465848,Ham
6965956597,Ham
9783344212,Ham
9829653204,Ham
8651293679,Ham
1234567890,Spam
7548742198,Ham
6702061880,Ham
1234567890,Spam
6775565055,Ham
755182979,Spam
8006405467,Spam
7022982649,Ham
305761929,Spam
1234567890,Spam
6206827655,Ham
8519155730,Ham
8729302001,Ham
870335675,Spam
9838609150,Ham
8001594462,Spam
7342984890,Ham
7319018512,Ham
8417053304,Ham
6766713906,Ham
8575761776,Ham
617717917,Spam
9442508116,Ham
9777718569,Ham
271940485,Spam
8004688775,Spam
381870996,Spam
8003654321,Spam
7366258050,Ham
9167201999,Ham
201165235,Spam
8008495395,Spam
8001733072,Spam
7163974456,Ham
8529247100,Ham
8117027238,Ham
1234567890,Spam
6746401602,Ham
9495751132,Ham
1234567890,Spam
9404441593,Ham
8204754068,Ham
8934889877,Ham
1234567890,Spam
9006855703,Ham
1234567890,Spam
6868228684,Ham
379604895,Spam
8008932704,Spam
1234567890,Spam
8205506579,Ham
9458771884,Ham
8802569713,Ham
8007082117,Spam
8007719084,Spam
6639834557,Ham
6933591081,Ham
8008344039,Spam
8464833434,Ham
7465472398,Ham
337967499,Spam
1234567890,Spam
259619052,Spam
1234567890,Spam
9263105609,Ham
6416298639,Ham
935135816,Spam
8522104689,Ham
8009014659,Spam
415974887,Spam
8287994695,Ham
7499035041,Ham
6504225044,Ham
7715131656,Ham
9083281212,Ham
9373281999,Ham
442720194,Spam
9061059773,Ham
1234567890,Spam
8003707243,Spam
9037593286,Ham
7783713123,Ham
9792689043,Ham
7287592023,Ham
7518488330,Ham
7776927800,Ham
8142434331,Ham
6517935114,Ham
9299075977,Ham
1234567890,Spam
8271494385,Ham
8275252205,Ham
7632423283,Ham
1234567890,Spam
7337176093,Ham
9002017240,Ham
7128231163,Ham
6532627728,Ham
986201796,Spam
575512373,Spam
8004451569,Spam
8002478940,Spam
8005294828,Spam
8007176514,Spam
1234567890,Spam
8466266901,Ham
8005224717,Spam
6627412269,Ham
8005050108,Spam
1234567890,Spam
8148066172,Ham
8002930959,Spam
7346877382,Ham
9702692930,Ham
7765273772,Ham
644493838,Spam
1234567890,Spam
6687124890,Ham
8871879742,Ham
6612283137,Ham
645556318,Spam
9882393319,Ham
1234567890,Spam
6959266866,Ham
1234567890,Spam
9251325684,Ham
1234567890,Spam
107667021,Spam
8001767681,Spam
6497043850,Ham
8004040641,Spam
6783455375,Ham
8004140004,Spam
795884627,Spam
6868386618,Ham
6068815994,Ham
9738014141,Ham
8002285481,Spam
560305051,Spam
7003914138,Ham
1234567890,Spam
8006967318,Spam
9144697689,Ham
1234567890,Spam
8873697061,Ham
7221039621,Ham
8006204086,Spam
8004985378,Spam
7937841548,Ham
6209541902,Ham
550463322,Spam
7124445803,Ham
6905294509,Ham
6872653683,Ham
7478813231,Ham
9719859837,Ham
7684633427,Ham
9457191330,Ham
8001749149,Spam
6956201931,Ham
8165562927,Ham
497441476,Spam
8767443642,Ham
8954603034,Ham
8338924650,Ham
1234567890,Spam
7384021391,Ham
9851837320,Ham
8008233701,Spam
8196962763,Ham
9159189152,Ham
7863508404,Ham
9555345779,Ham
6827197675,Ham
553971048,Spam
7136778998,Ham
7175926228,Ham
6416164933,Ham
357981128,Spam
1234567890,Spam
6928153612,Ham
1234567890,Spam
8461415524,Ham
8003697245,Spam
900496146,Spam
1234567890,Spam
1234567890,Spam
9517761030,Ham
8004804320,Spam
1234567890,Spam
6348631283,Ham
6241652758,Ham
1234567890,Spam
1234567890,Spam
8429994196,Ham
7662852518,Ham
8002078058,Spam
8003884496,Spam
7302954908,Ham
993914471,Spam
9419675780,Ham
157233663,Spam
8002772500,Spam
9483648892,Ham
1234567890,Spam
6371515478,Ham
8004205245,Spam
1234567890,Spam
1234567890,Spam
6954038953,Ham
1234567890,Spam
6956749719,Ham
618883420,Spam
8008532536,Spam
8306319703,Ham
8004042369,Spam
8007650793,Spam
194434448,Spam
8277428980,Ham
7403221560,Ham
8004235644,Spam
8004548943,Spam
135981819,Spam
6396953007,Ham
8851856550,Ham
7378733081,Ham
1234567890,Spam
1234567890,Spam
8243115810,Ham
7481809500,Ham
8007921033,Spam
8006553250,Spam
8589605305,Ham
1234567890,Spam
1234567890,Spam
449467953,Spam
8146869912,Ham
7271133454,Ham
7036703502,Ham
803742444,Spam
6713019125,Ham
6348213171,Ham
7555192305,Ham
7349473465,Ham
955683364,Spam
326222751,Spam
9923549398,Ham
728536428,Spam
255188342,Spam
281188459,Spam
125655283,Spam
1234567890,Spam
7183307447,Ham
9019423194,Ham
9076837370,Ham
7359478919,Ham
8307885844,Ham
7844227554,Ham
8002974055,Spam
461266698,Spam
7126417633,Ham
939785877,Spam
6234015505,Ham
8001623414,Spam
919816436,Spam
9017938335,Ham
948856148,Spam
8383415232,Ham
6034236028,Ham
8008686356,Spam
1234567890,Spam
6006973501,Ham
235694627,Spam
9789146638,Ham
8006575904,Spam
8105406573,Ham
1234567890,Spam
953105927,Spam
9443239683,Ham
8005453556,Spam
9777753143,Ham
8001330603,Spam
7971357010,Ham
8003709321,Spam
1234567890,Spam
6594711041,Ham
8003770308,Spam
1234567890,Spam
8881626149,Ham
1234567890,Spam
1234567890,Spam
8007141989,Spam
8007815951,Spam
348280899,Spam
657304035,Spam
679208570,Spam
8004109788,Spam
8007783392,Spam
6758681277,Ham
8232246878,Ham
8009820555,Spam
656194141,Spam
527189024,Spam
1234567890,Spam
7297295353,Ham
